initial,4,2,2,0,0,0,0,0,0,0,0,0,0,0,0,0
merge,0,0,4,4,0,0,0,0,0,0,0,0,0,0,0,0
spawn,0,0,4,4,0,0,0,2,0,0,0,0,0,0,0,0
merge,8,0,0,0,2,0,0,0,0,0,0,0,0,0,0,0
spawn,8,0,0,0,2,0,0,0,0,0,0,0,0,0,0,2
merge,0,0,0,0,0,0,0,0,8,0,0,0,2,0,0,2
spawn,0,0,0,0,0,0,0,0,8,0,2,0,2,0,0,2
merge,0,0,0,0,0,0,0,0,0,0,8,2,0,0,0,4
spawn,0,0,0,0,0,0,0,2,0,0,8,2,0,0,0,4
merge,0,0,0,0,0,0,0,0,0,0,0,4,0,0,8,4
spawn,0,0,2,0,0,0,0,0,0,0,0,4,0,0,8,4
merge,0,0,0,0,0,0,0,0,0,0,2,0,0,0,8,8
spawn,0,0,4,0,0,0,0,0,0,0,2,0,0,0,8,8
merge,0,0,0,4,0,0,0,0,0,0,0,2,0,0,0,16
spawn,2,0,0,4,0,0,0,0,0,0,0,2,0,0,0,16
merge,0,0,0,0,0,0,0,4,0,0,0,2,2,0,0,16
spawn,0,0,0,0,0,0,0,4,0,0,0,2,2,2,0,16
merge,0,0,0,0,0,0,0,4,0,0,0,2,0,0,4,16
spawn,0,0,0,0,0,0,0,4,2,0,0,2,0,0,4,16
merge,0,0,0,0,0,0,0,4,0,0,0,4,0,0,4,16
spawn,0,0,0,0,0,0,0,4,0,2,0,4,0,0,4,16
merge,0,0,0,0,0,0,0,4,0,0,2,4,0,0,4,16
spawn,4,0,0,0,0,0,0,4,0,0,2,4,0,0,4,16
merge,0,0,0,4,0,0,0,4,0,0,2,4,0,0,4,16
spawn,0,0,0,4,0,0,0,4,0,0,2,4,0,2,4,16
merge,0,0,0,0,0,0,0,4,0,0,2,8,0,2,4,16
spawn,0,0,0,0,0,0,0,4,0,2,2,8,0,2,4,16
merge,0,0,0,0,0,0,0,4,0,0,4,8,0,2,4,16
spawn,0,0,4,0,0,0,0,4,0,0,4,8,0,2,4,16
merge,0,0,0,4,0,0,0,4,0,0,4,8,0,2,4,16
spawn,0,2,0,4,0,0,0,4,0,0,4,8,0,2,4,16
merge,0,0,2,4,0,0,0,4,0,0,4,8,0,2,4,16
spawn,0,2,2,4,0,0,0,4,0,0,4,8,0,2,4,16
merge,0,0,0,0,0,0,0,8,0,0,2,8,0,4,8,16
spawn,0,0,0,2,0,0,0,8,0,0,2,8,0,4,8,16
invalid,0,0,0,2,0,0,0,8,0,0,2,8,0,4,8,16
invalid,0,0,0,2,0,0,0,8,0,0,2,8,0,4,8,16
merge,0,0,0,0,0,0,0,2,0,0,2,16,0,4,8,16
spawn,0,0,0,0,0,4,0,2,0,0,2,16,0,4,8,16
merge,0,0,0,0,0,0,4,2,0,0,2,16,0,4,8,16
spawn,0,0,0,4,0,0,4,2,0,0,2,16,0,4,8,16
merge,0,0,0,0,0,0,4,4,0,0,2,2,0,4,8,32
spawn,0,0,2,0,0,0,4,4,0,0,2,2,0,4,8,32
merge,0,0,0,2,0,0,0,8,0,0,0,4,0,4,8,32
spawn,0,0,0,2,0,0,0,8,2,0,0,4,0,4,8,32
merge,0,0,0,2,0,0,0,8,0,0,2,4,0,4,8,32
spawn,0,4,0,2,0,0,0,8,0,0,2,4,0,4,8,32
merge,0,0,4,2,0,0,0,8,0,0,2,4,0,4,8,32
spawn,0,0,4,2,2,0,0,8,0,0,2,4,0,4,8,32
merge,0,0,4,2,0,0,2,8,0,0,2,4,0,4,8,32
spawn,0,0,4,2,2,0,2,8,0,0,2,4,0,4,8,32
merge,0,0,0,2,0,0,4,8,0,0,4,4,2,4,8,32
spawn,0,0,0,2,4,0,4,8,0,0,4,4,2,4,8,32
merge,0,0,0,2,0,0,8,8,0,0,0,8,2,4,8,32
spawn,0,0,0,2,0,0,8,8,0,2,0,8,2,4,8,32
merge,0,0,0,2,0,0,0,16,0,0,2,8,2,4,8,32
spawn,0,2,0,2,0,0,0,16,0,0,2,8,2,4,8,32
merge,0,0,0,4,0,0,0,16,0,0,2,8,2,4,8,32
spawn,0,0,0,4,0,2,0,16,0,0,2,8,2,4,8,32
merge,0,0,0,4,0,0,2,16,0,0,2,8,2,4,8,32
spawn,0,0,0,4,0,2,2,16,0,0,2,8,2,4,8,32
merge,0,0,0,4,0,0,0,16,0,2,4,8,2,4,8,32
spawn,2,0,0,4,0,0,0,16,0,2,4,8,2,4,8,32
merge,0,0,2,4,0,0,0,16,0,2,4,8,2,4,8,32
spawn,0,0,2,4,0,2,0,16,0,2,4,8,2,4,8,32
merge,0,0,0,4,0,0,2,16,0,4,4,8,2,4,8,32
spawn,0,2,0,4,0,0,2,16,0,4,4,8,2,4,8,32
merge,0,0,2,4,0,0,2,16,0,0,8,8,2,4,8,32
spawn,4,0,2,4,0,0,2,16,0,0,8,8,2,4,8,32
merge,0,4,2,4,0,0,2,16,0,0,0,16,2,4,8,32
spawn,0,4,2,4,0,0,2,16,0,0,2,16,2,4,8,32
merge,0,0,0,0,0,0,2,4,0,0,4,32,2,8,8,32
spawn,0,0,0,0,0,0,2,4,0,2,4,32,2,8,8,32
merge,0,0,0,0,0,0,2,0,0,2,4,4,2,8,8,64
spawn,0,0,0,0,0,0,2,2,0,2,4,4,2,8,8,64
merge,0,0,0,0,0,0,0,4,0,0,2,8,0,2,16,64
spawn,0,0,0,4,0,0,0,4,0,0,2,8,0,2,16,64
merge,0,0,0,0,0,0,0,8,0,0,2,8,0,2,16,64
spawn,2,0,0,0,0,0,0,8,0,0,2,8,0,2,16,64
merge,0,0,0,2,0,0,0,8,0,0,2,8,0,2,16,64
spawn,0,0,0,2,0,0,0,8,2,0,2,8,0,2,16,64
merge,0,0,0,0,0,0,0,2,0,0,2,16,2,2,16,64
spawn,0,0,0,2,0,0,0,2,0,0,2,16,2,2,16,64
merge,0,0,0,0,0,0,0,4,0,0,2,16,2,2,16,64
spawn,0,2,0,0,0,0,0,4,0,0,2,16,2,2,16,64
merge,0,0,0,2,0,0,0,4,0,0,2,16,0,4,16,64
spawn,0,0,0,2,0,2,0,4,0,0,2,16,0,4,16,64
merge,0,0,0,2,0,0,2,4,0,0,2,16,0,4,16,64
spawn,2,0,0,2,0,0,2,4,0,0,2,16,0,4,16,64
merge,0,0,0,4,0,0,2,4,0,0,2,16,0,4,16,64
spawn,0,0,0,4,0,0,2,4,0,0,2,16,2,4,16,64
merge,0,0,0,0,0,0,0,8,0,0,4,16,2,4,16,64
spawn,0,0,2,0,0,0,0,8,0,0,4,16,2,4,16,64
merge,0,0,0,2,0,0,0,8,0,0,4,16,2,4,16,64
spawn,0,0,0,2,0,0,2,8,0,0,4,16,2,4,16,64
invalid,0,0,0,2,0,0,2,8,0,0,4,16,2,4,16,64
merge,2,4,2,2,0,0,4,8,0,0,16,16,0,0,0,64
spawn,2,4,2,2,0,0,4,8,2,0,16,16,0,0,0,64
merge,0,0,0,2,0,0,2,8,0,0,4,16,4,4,16,64
spawn,0,0,0,2,2,0,2,8,0,0,4,16,4,4,16,64
merge,0,0,0,2,0,0,4,8,0,0,4,16,0,8,16,64
spawn,0,0,0,2,0,2,4,8,0,0,4,16,0,8,16,64
invalid,0,0,0,2,0,2,4,8,0,0,4,16,0,8,16,64
merge,0,2,8,2,0,8,16,8,0,0,0,16,0,0,0,64
spawn,0,2,8,2,4,8,16,8,0,0,0,16,0,0,0,64
merge,0,0,0,2,0,0,0,8,0,2,8,16,4,8,16,64
spawn,0,0,0,2,0,0,0,8,2,2,8,16,4,8,16,64
merge,0,0,0,2,0,0,0,8,0,4,8,16,4,8,16,64
spawn,0,0,0,2,0,0,2,8,0,4,8,16,4,8,16,64
merge,4,4,2,2,0,8,8,8,0,0,16,16,0,0,0,64
spawn,4,4,2,2,0,8,8,8,0,0,16,16,0,0,2,64
merge,0,0,8,4,0,0,8,16,0,0,0,32,0,0,2,64
spawn,0,0,8,4,0,0,8,16,0,0,0,32,0,2,2,64
merge,0,0,0,4,0,0,0,16,0,0,16,32,0,2,2,64
spawn,0,0,0,4,0,0,2,16,0,0,16,32,0,2,2,64
merge,0,2,2,4,0,0,16,16,0,0,2,32,0,0,0,64
spawn,0,2,2,4,0,0,16,16,0,0,2,32,0,0,2,64
merge,0,0,4,4,0,0,0,32,0,0,2,32,0,0,2,64
spawn,2,0,4,4,0,0,0,32,0,0,2,32,0,0,2,64
merge,0,0,2,8,0,0,0,32,0,0,2,32,0,0,2,64
spawn,0,2,2,8,0,0,0,32,0,0,2,32,0,0,2,64
merge,0,0,4,8,0,0,0,32,0,0,2,32,0,0,2,64
spawn,2,0,4,8,0,0,0,32,0,0,2,32,0,0,2,64
merge,0,0,0,0,0,0,0,8,0,0,4,64,2,0,4,64
spawn,0,0,0,2,0,0,0,8,0,0,4,64,2,0,4,64
merge,0,0,0,0,0,0,0,2,0,0,0,8,2,0,8,128
spawn,0,0,0,0,2,0,0,2,0,0,0,8,2,0,8,128
merge,0,0,0,0,0,0,0,4,0,0,0,8,0,2,8,128
spawn,0,0,2,0,0,0,0,4,0,0,0,8,0,2,8,128
merge,0,0,0,2,0,0,0,4,0,0,0,8,0,2,8,128
spawn,0,0,0,2,0,0,0,4,0,0,2,8,0,2,8,128
merge,0,2,2,2,0,0,8,4,0,0,0,8,0,0,0,128
spawn,0,2,2,2,0,0,8,4,2,0,0,8,0,0,0,128
merge,0,0,2,4,0,0,8,4,0,0,2,8,0,0,0,128
spawn,0,0,2,4,2,0,8,4,0,0,2,8,0,0,0,128
merge,0,0,0,0,0,0,2,8,0,0,8,8,2,0,2,128
spawn,0,0,0,0,2,0,2,8,0,0,8,8,2,0,2,128
merge,0,0,0,0,0,0,4,8,0,0,0,16,0,0,4,128
spawn,0,2,0,0,0,0,4,8,0,0,0,16,0,0,4,128
merge,0,0,0,2,0,0,4,8,0,0,0,16,0,0,4,128
spawn,0,0,0,2,0,0,4,8,0,0,0,16,2,0,4,128
merge,0,0,0,2,0,0,0,8,0,0,0,16,2,0,8,128
spawn,4,0,0,2,0,0,0,8,0,0,0,16,2,0,8,128
merge,0,0,4,2,0,0,0,8,0,0,0,16,0,2,8,128
spawn,0,0,4,2,0,0,0,8,0,0,0,16,2,2,8,128
merge,2,2,4,2,0,0,8,8,0,0,0,16,0,0,0,128
spawn,2,2,4,2,0,0,8,8,0,0,0,16,0,2,0,128
merge,0,4,4,2,0,0,0,16,0,0,0,16,0,0,2,128
spawn,0,4,4,2,2,0,0,16,0,0,0,16,0,0,2,128
merge,0,0,0,0,0,0,0,2,0,0,4,32,2,4,2,128
spawn,4,0,0,0,0,0,0,2,0,0,4,32,2,4,2,128
merge,0,0,0,4,0,0,0,2,0,0,4,32,2,4,2,128
spawn,0,0,0,4,0,0,0,2,2,0,4,32,2,4,2,128
merge,0,0,0,4,0,0,0,2,0,2,4,32,2,4,2,128
spawn,0,0,0,4,0,2,0,2,0,2,4,32,2,4,2,128
merge,0,0,0,4,0,0,0,4,0,2,4,32,2,4,2,128
spawn,0,0,0,4,0,0,2,4,0,2,4,32,2,4,2,128
merge,0,0,0,0,0,0,2,8,0,2,4,32,2,4,2,128
spawn,0,0,0,0,0,2,2,8,0,2,4,32,2,4,2,128
merge,0,0,0,0,0,0,4,8,0,2,4,32,2,4,2,128
spawn,2,0,0,0,0,0,4,8,0,2,4,32,2,4,2,128
merge,0,0,0,2,0,0,4,8,0,2,4,32,2,4,2,128
spawn,0,0,2,2,0,0,4,8,0,2,4,32,2,4,2,128
merge,2,2,2,2,0,4,8,8,0,0,2,32,0,0,0,128
spawn,2,2,2,2,2,4,8,8,0,0,2,32,0,0,0,128
merge,0,0,4,4,0,2,4,16,0,0,2,32,0,0,0,128
spawn,0,0,4,4,0,2,4,16,0,0,2,32,0,2,0,128
merge,0,0,0,8,0,2,4,16,0,0,2,32,0,0,2,128
spawn,0,0,0,8,0,2,4,16,2,0,2,32,0,0,2,128
merge,0,0,0,8,0,0,0,16,0,0,4,32,2,2,4,128
spawn,0,0,4,8,0,0,0,16,0,0,4,32,2,2,4,128
merge,2,2,8,8,0,0,4,16,0,0,0,32,0,0,0,128
spawn,2,2,8,8,2,0,4,16,0,0,0,32,0,0,0,128
merge,0,0,4,16,0,2,4,16,0,0,0,32,0,0,0,128
spawn,0,0,4,16,2,2,4,16,0,0,0,32,0,0,0,128
merge,0,0,4,16,0,4,4,16,0,0,0,32,0,0,0,128
spawn,0,0,4,16,2,4,4,16,0,0,0,32,0,0,0,128
merge,0,0,4,16,0,2,8,16,0,0,0,32,0,0,0,128
spawn,0,0,4,16,0,2,8,16,0,0,0,32,2,0,0,128
merge,0,0,0,0,0,0,0,32,0,0,4,32,2,2,8,128
spawn,0,0,0,0,0,2,0,32,0,0,4,32,2,2,8,128
merge,0,0,0,0,0,0,2,32,0,0,4,32,0,4,8,128
spawn,0,0,0,0,0,0,2,32,0,2,4,32,0,4,8,128
invalid,0,0,0,0,0,0,2,32,0,2,4,32,0,4,8,128
merge,0,0,0,0,0,0,2,0,0,2,4,64,0,4,8,128
spawn,0,0,0,0,2,0,2,0,0,2,4,64,0,4,8,128
merge,0,0,0,0,0,0,0,4,0,2,4,64,0,4,8,128
spawn,0,2,0,0,0,0,0,4,0,2,4,64,0,4,8,128
merge,0,0,0,2,0,0,0,4,0,2,4,64,0,4,8,128
spawn,0,0,0,2,0,0,2,4,0,2,4,64,0,4,8,128
invalid,0,0,0,2,0,0,2,4,0,2,4,64,0,4,8,128
merge,0,2,2,2,0,4,4,4,0,0,8,64,0,0,0,128
spawn,0,2,2,2,0,4,4,4,0,0,8,64,0,2,0,128
merge,0,0,0,2,0,2,2,4,0,4,4,64,0,2,8,128
spawn,0,0,0,2,2,2,2,4,0,4,4,64,0,2,8,128
merge,0,0,0,2,0,2,4,4,0,0,8,64,0,2,8,128
spawn,0,0,0,2,0,2,4,4,0,2,8,64,0,2,8,128
merge,0,0,0,2,0,0,2,8,0,2,8,64,0,2,8,128
spawn,0,0,0,2,4,0,2,8,0,2,8,64,0,2,8,128
merge,4,4,2,2,0,0,16,8,0,0,0,64,0,0,0,128
spawn,4,4,2,2,0,0,16,8,0,0,2,64,0,0,0,128
merge,0,0,0,2,0,0,2,8,0,0,16,64,4,4,2,128
spawn,0,0,2,2,0,0,2,8,0,0,16,64,4,4,2,128
merge,0,0,0,4,0,0,2,8,0,0,16,64,0,8,2,128
spawn,2,0,0,4,0,0,2,8,0,0,16,64,0,8,2,128
merge,2,8,2,4,0,0,16,8,0,0,2,64,0,0,0,128
spawn,2,8,2,4,2,0,16,8,0,0,2,64,0,0,0,128
merge,2,8,2,4,0,2,16,8,0,0,2,64,0,0,0,128
spawn,2,8,2,4,2,2,16,8,0,0,2,64,0,0,0,128
merge,0,0,0,4,0,0,2,8,0,8,16,64,4,2,2,128
spawn,0,0,0,4,2,0,2,8,0,8,16,64,4,2,2,128
merge,0,0,0,4,0,0,4,8,0,8,16,64,0,4,4,128
spawn,0,0,2,4,0,0,4,8,0,8,16,64,0,4,4,128
merge,0,8,2,4,0,4,4,8,0,0,16,64,0,0,4,128
spawn,0,8,2,4,0,4,4,8,0,2,16,64,0,0,4,128
merge,0,8,2,4,0,0,8,8,0,2,16,64,0,0,4,128
spawn,0,8,2,4,0,0,8,8,0,2,16,64,0,2,4,128
merge,0,8,2,4,0,0,0,16,0,2,16,64,0,2,4,128
spawn,0,8,2,4,2,0,0,16,0,2,16,64,0,2,4,128
merge,2,8,2,4,0,4,16,16,0,0,4,64,0,0,0,128
spawn,2,8,2,4,0,4,16,16,0,2,4,64,0,0,0,128
merge,2,8,2,4,0,0,4,32,0,2,4,64,0,0,0,128
spawn,2,8,2,4,0,0,4,32,0,2,4,64,0,2,0,128
merge,0,0,0,4,0,0,0,32,0,8,2,64,2,4,8,128
spawn,0,2,0,4,0,0,0,32,0,8,2,64,2,4,8,128
merge,0,0,2,4,0,0,0,32,0,8,2,64,2,4,8,128
spawn,2,0,2,4,0,0,0,32,0,8,2,64,2,4,8,128
merge,4,8,4,4,0,4,8,32,0,0,0,64,0,0,0,128
spawn,4,8,4,4,0,4,8,32,0,2,0,64,0,0,0,128
merge,0,4,8,8,0,4,8,32,0,0,2,64,0,0,0,128
spawn,0,4,8,8,2,4,8,32,0,0,2,64,0,0,0,128
merge,0,0,4,16,2,4,8,32,0,0,2,64,0,0,0,128
spawn,0,0,4,16,2,4,8,32,0,0,2,64,0,0,2,128
merge,2,4,4,16,0,0,8,32,0,0,4,64,0,0,0,128
spawn,2,4,4,16,0,0,8,32,0,0,4,64,0,2,0,128
merge,0,2,8,16,0,0,8,32,0,0,4,64,0,0,2,128
spawn,0,2,8,16,0,0,8,32,0,2,4,64,0,0,2,128
merge,0,4,16,16,0,0,4,32,0,0,2,64,0,0,0,128
spawn,0,4,16,16,0,0,4,32,0,0,2,64,0,2,0,128
merge,0,0,4,32,0,0,4,32,0,0,2,64,0,0,2,128
spawn,0,0,4,32,0,0,4,32,0,0,2,64,2,0,2,128
merge,0,0,0,0,0,0,0,64,0,0,8,64,2,0,4,128
spawn,0,2,0,0,0,0,0,64,0,0,8,64,2,0,4,128
merge,0,0,0,0,0,0,0,0,0,0,8,128,2,2,4,128
spawn,0,0,0,0,0,0,0,0,2,0,8,128,2,2,4,128
merge,0,0,0,0,0,0,0,0,0,0,8,0,4,2,4,256
spawn,0,0,0,0,0,2,0,0,0,0,8,0,4,2,4,256
merge,0,0,0,0,0,0,0,2,0,0,0,8,4,2,4,256
spawn,0,0,0,0,0,0,0,2,0,2,0,8,4,2,4,256
merge,0,0,0,0,0,0,0,2,0,0,2,8,4,2,4,256
spawn,0,0,0,0,0,0,0,2,0,2,2,8,4,2,4,256
merge,0,0,0,0,0,0,0,2,0,0,4,8,4,2,4,256
spawn,0,0,2,0,0,0,0,2,0,0,4,8,4,2,4,256
merge,0,0,0,2,0,0,0,2,0,0,4,8,4,2,4,256
spawn,2,0,0,2,0,0,0,2,0,0,4,8,4,2,4,256
merge,0,0,0,0,0,0,0,4,2,0,0,8,4,2,8,256
spawn,0,0,2,0,0,0,0,4,2,0,0,8,4,2,8,256
merge,0,0,0,2,0,0,0,4,0,0,2,8,4,2,8,256
spawn,0,0,0,2,4,0,0,4,0,0,2,8,4,2,8,256
merge,0,0,0,2,0,0,0,8,0,0,2,8,4,2,8,256
spawn,0,0,0,2,0,0,0,8,2,0,2,8,4,2,8,256
merge,0,0,0,0,0,0,0,2,2,0,2,16,4,2,8,256
spawn,0,0,0,0,0,0,2,2,2,0,2,16,4,2,8,256
merge,0,0,0,0,0,0,0,4,0,0,4,16,4,2,8,256
spawn,2,0,0,0,0,0,0,4,0,0,4,16,4,2,8,256
merge,0,0,0,2,0,0,0,4,0,0,4,16,4,2,8,256
spawn,0,0,0,2,0,2,0,4,0,0,4,16,4,2,8,256
merge,0,0,0,2,0,0,2,4,0,0,4,16,4,2,8,256
spawn,0,0,2,2,0,0,2,4,0,0,4,16,4,2,8,256
merge,0,0,0,4,0,0,2,4,0,0,4,16,4,2,8,256
spawn,0,2,0,4,0,0,2,4,0,0,4,16,4,2,8,256
merge,0,0,2,4,0,0,2,4,0,0,4,16,4,2,8,256
spawn,2,0,2,4,0,0,2,4,0,0,4,16,4,2,8,256
merge,0,0,4,4,0,0,2,4,0,0,4,16,4,2,8,256
spawn,0,0,4,4,2,0,2,4,0,0,4,16,4,2,8,256
merge,0,0,4,0,0,0,2,8,2,0,4,16,4,2,8,256
spawn,0,0,4,0,0,0,2,8,2,2,4,16,4,2,8,256
merge,0,0,0,4,0,0,2,8,0,4,4,16,4,2,8,256
spawn,0,2,0,4,0,0,2,8,0,4,4,16,4,2,8,256
merge,4,2,2,4,0,4,4,8,0,2,8,16,0,0,0,256
spawn,4,2,2,4,0,4,4,8,0,2,8,16,2,0,0,256
merge,0,4,4,4,0,0,8,8,0,2,8,16,0,0,2,256
spawn,0,4,4,4,0,0,8,8,0,2,8,16,2,0,2,256
merge,0,0,4,8,0,0,0,16,0,2,8,16,0,0,4,256
spawn,0,0,4,8,4,0,0,16,0,2,8,16,0,0,4,256
merge,0,0,0,0,0,0,4,8,0,0,8,32,4,2,4,256
spawn,0,0,0,0,0,0,4,8,0,2,8,32,4,2,4,256
invalid,0,0,0,0,0,0,4,8,0,2,8,32,4,2,4,256
merge,4,4,4,8,0,0,8,32,0,0,4,256,0,0,0,0
spawn,4,4,4,8,0,0,8,32,0,0,4,256,0,0,0,2
merge,0,4,8,8,0,0,8,32,0,0,4,256,0,0,0,2
spawn,0,4,8,8,0,2,8,32,0,0,4,256,0,0,0,2
merge,0,0,4,16,0,2,8,32,0,0,4,256,0,0,0,2
spawn,0,0,4,16,0,2,8,32,2,0,4,256,0,0,0,2
merge,0,0,4,16,0,2,8,32,0,2,4,256,0,0,0,2
spawn,0,0,4,16,2,2,8,32,0,2,4,256,0,0,0,2
merge,0,0,4,16,0,4,8,32,0,2,4,256,0,0,0,2
spawn,0,2,4,16,0,4,8,32,0,2,4,256,0,0,0,2
invalid,0,2,4,16,0,4,8,32,0,2,4,256,0,0,0,2
invalid,0,2,4,16,0,4,8,32,0,2,4,256,0,0,0,2
merge,0,0,0,16,0,2,4,32,0,4,8,256,0,2,4,2
spawn,2,0,0,16,0,2,4,32,0,4,8,256,0,2,4,2
merge,2,2,4,16,0,4,8,32,0,2,4,256,0,0,0,2
spawn,2,2,4,16,0,4,8,32,0,2,4,256,0,2,0,2
merge,0,4,4,16,0,4,8,32,0,2,4,256,0,0,0,4
spawn,0,4,4,16,0,4,8,32,0,2,4,256,2,0,0,4
merge,0,0,0,16,0,0,4,32,0,8,8,256,2,2,4,4
spawn,4,0,0,16,0,0,4,32,0,8,8,256,2,2,4,4
merge,0,0,4,16,0,0,4,32,0,0,16,256,0,0,4,8
spawn,0,0,4,16,2,0,4,32,0,0,16,256,0,0,4,8
merge,0,0,0,16,0,0,8,32,0,0,16,256,2,0,4,8
spawn,0,0,0,16,0,0,8,32,0,0,16,256,2,2,4,8
merge,0,0,0,16,0,0,8,32,0,0,16,256,0,4,4,8
spawn,0,2,0,16,0,0,8,32,0,0,16,256,0,4,4,8
merge,0,0,2,16,0,0,8,32,0,0,16,256,0,0,8,8
spawn,0,2,2,16,0,0,8,32,0,0,16,256,0,0,8,8
merge,0,0,4,16,0,0,8,32,0,0,16,256,0,0,0,16
spawn,0,0,4,16,0,0,8,32,2,0,16,256,0,0,0,16
merge,0,0,0,16,0,0,4,32,0,0,8,256,2,0,16,16
spawn,0,0,0,16,0,0,4,32,0,0,8,256,2,2,16,16
merge,0,0,0,16,0,0,4,32,0,0,8,256,0,0,4,32
spawn,0,0,2,16,0,0,4,32,0,0,8,256,0,0,4,32
invalid,0,0,2,16,0,0,4,32,0,0,8,256,0,0,4,32
merge,2,16,0,0,4,32,0,0,8,256,0,0,4,32,0,0
spawn,2,16,0,0,4,32,0,0,8,256,0,4,4,32,0,0
merge,0,0,2,16,0,0,4,32,0,8,256,4,0,0,4,32
spawn,0,0,2,16,0,0,4,32,0,8,256,4,2,0,4,32
merge,2,8,2,16,0,0,4,32,0,0,256,4,0,0,4,32
spawn,2,8,2,16,0,2,4,32,0,0,256,4,0,0,4,32
merge,0,0,2,16,0,0,4,32,0,8,256,4,2,2,4,32
spawn,0,0,2,16,0,2,4,32,0,8,256,4,2,2,4,32
merge,2,2,2,16,0,8,4,32,0,2,256,4,0,0,4,32
spawn,2,2,2,16,0,8,4,32,2,2,256,4,0,0,4,32
merge,0,2,4,16,0,8,4,32,0,4,256,4,0,0,4,32
spawn,0,2,4,16,0,8,4,32,0,4,256,4,2,0,4,32
merge,0,0,0,16,0,2,8,32,0,8,256,4,2,4,4,32
spawn,0,0,0,16,2,2,8,32,0,8,256,4,2,4,4,32
merge,4,2,8,16,0,8,256,32,0,4,4,4,0,0,0,32
spawn,4,2,8,16,0,8,256,32,0,4,4,4,2,0,0,32
merge,0,0,0,16,0,2,8,32,4,8,256,4,2,4,4,32
spawn,2,0,0,16,0,2,8,32,4,8,256,4,2,4,4,32
merge,2,2,8,16,4,8,256,32,2,4,4,4,0,0,0,32
spawn,2,2,8,16,4,8,256,32,2,4,4,4,0,0,2,32
merge,0,4,8,16,4,8,256,32,0,2,4,8,0,0,2,32
spawn,0,4,8,16,4,8,256,32,2,2,4,8,0,0,2,32
merge,0,4,8,16,4,8,256,32,0,4,4,8,0,0,2,32
spawn,2,4,8,16,4,8,256,32,0,4,4,8,0,0,2,32
merge,2,4,8,16,4,8,256,32,0,0,8,8,0,0,2,32
spawn,2,4,8,16,4,8,256,32,2,0,8,8,0,0,2,32
merge,2,4,8,16,4,8,256,32,0,0,2,16,0,0,2,32
spawn,2,4,8,16,4,8,256,32,0,0,2,16,2,0,2,32
merge,0,0,0,16,2,0,8,32,4,4,256,16,2,8,4,32
spawn,0,0,2,16,2,0,8,32,4,4,256,16,2,8,4,32
merge,2,4,2,16,4,8,8,32,2,0,256,16,0,0,4,32
spawn,2,4,2,16,4,8,8,32,2,2,256,16,0,0,4,32
merge,0,0,2,16,2,4,8,32,4,8,256,16,2,2,4,32
spawn,0,2,2,16,2,4,8,32,4,8,256,16,2,2,4,32
merge,0,0,4,16,2,4,8,32,4,8,256,16,0,4,4,32
spawn,2,0,4,16,2,4,8,32,4,8,256,16,0,4,4,32
merge,4,4,4,16,4,8,8,32,0,4,256,16,0,0,4,32
spawn,4,4,4,16,4,8,8,32,0,4,256,16,4,0,4,32
merge,0,4,8,16,0,4,16,32,0,4,256,16,0,0,8,32
spawn,2,4,8,16,0,4,16,32,0,4,256,16,0,0,8,32
merge,2,8,8,16,0,4,16,32,0,0,256,16,0,0,8,32
spawn,2,8,8,16,0,4,16,32,0,0,256,16,2,0,8,32
merge,0,2,16,16,0,4,16,32,0,0,256,16,0,2,8,32
spawn,0,2,16,16,2,4,16,32,0,0,256,16,0,2,8,32
merge,0,0,0,16,0,2,32,32,0,4,256,16,2,2,8,32
spawn,0,0,0,16,0,2,32,32,2,4,256,16,2,2,8,32
merge,0,0,0,16,0,0,2,64,2,4,256,16,0,4,8,32
spawn,2,0,0,16,0,0,2,64,2,4,256,16,0,4,8,32
merge,4,8,2,16,0,0,256,64,0,0,8,16,0,0,0,32
spawn,4,8,2,16,0,0,256,64,2,0,8,16,0,0,0,32
merge,0,0,0,16,0,0,2,64,4,0,256,16,2,8,8,32
spawn,2,0,0,16,0,0,2,64,4,0,256,16,2,8,8,32
merge,0,0,2,16,0,0,2,64,0,4,256,16,0,2,16,32
spawn,0,0,2,16,0,0,2,64,0,4,256,16,2,2,16,32
merge,2,4,4,16,0,2,256,64,0,0,16,16,0,0,0,32
spawn,2,4,4,16,0,2,256,64,0,0,16,16,0,0,2,32
merge,0,2,8,16,0,2,256,64,0,0,0,32,0,0,2,32
spawn,0,2,8,16,2,2,256,64,0,0,0,32,0,0,2,32
merge,2,4,8,16,0,0,256,64,0,0,2,64,0,0,0,0
spawn,2,4,8,16,0,0,256,64,0,0,2,64,0,2,0,0
merge,2,4,8,16,0,2,256,128,0,0,2,0,0,0,0,0
spawn,2,4,8,16,0,2,256,128,0,0,2,0,0,0,2,0
merge,0,0,0,0,0,0,8,0,0,4,256,16,2,2,4,128
spawn,0,0,0,0,2,0,8,0,0,4,256,16,2,2,4,128
merge,4,4,8,16,0,2,256,128,0,0,4,0,0,0,0,0
spawn,4,4,8,16,0,2,256,128,0,0,4,0,2,0,0,0
merge,0,0,0,0,0,0,8,0,4,4,256,16,2,2,4,128
spawn,0,2,0,0,0,0,8,0,4,4,256,16,2,2,4,128
merge,4,2,8,16,2,4,256,128,0,2,4,0,0,0,0,0
spawn,4,2,8,16,2,4,256,128,2,2,4,0,0,0,0,0
merge,0,0,0,0,0,2,8,0,4,4,256,16,4,2,4,128
spawn,0,0,0,0,0,2,8,2,4,4,256,16,4,2,4,128
merge,8,2,8,2,0,4,256,16,0,2,4,128,0,0,0,0
spawn,8,2,8,2,0,4,256,16,0,2,4,128,0,0,0,2
merge,0,0,0,2,0,2,8,16,0,4,256,128,8,2,4,2
spawn,0,0,0,2,2,2,8,16,0,4,256,128,8,2,4,2
merge,2,2,8,2,8,4,256,16,0,2,4,128,0,0,0,2
spawn,2,2,8,2,8,4,256,16,0,2,4,128,2,0,0,2
merge,0,0,0,2,2,2,8,16,8,4,256,128,2,2,4,2
spawn,0,2,0,2,2,2,8,16,8,4,256,128,2,2,4,2
merge,0,0,0,4,0,4,8,16,8,4,256,128,0,4,4,2
spawn,0,0,0,4,2,4,8,16,8,4,256,128,0,4,4,2
merge,2,8,8,4,8,4,256,16,0,0,4,128,0,0,0,2
spawn,2,8,8,4,8,4,256,16,0,0,4,128,0,0,2,2
merge,0,2,16,4,8,4,256,16,0,0,4,128,0,0,0,4
spawn,0,2,16,4,8,4,256,16,0,0,4,128,0,0,2,4
invalid,0,2,16,4,8,4,256,16,0,0,4,128,0,0,2,4
merge,0,0,16,4,0,0,256,16,0,2,4,128,8,4,2,4
spawn,0,0,16,4,0,2,256,16,0,2,4,128,8,4,2,4
invalid,0,0,16,4,0,2,256,16,0,2,4,128,8,4,2,4
merge,0,0,16,4,0,0,256,16,0,4,4,128,8,4,2,4
spawn,0,0,16,4,0,2,256,16,0,4,4,128,8,4,2,4
merge,0,0,16,4,0,2,256,16,0,0,8,128,8,4,2,4
spawn,2,0,16,4,0,2,256,16,0,0,8,128,8,4,2,4
merge,2,2,16,4,8,4,256,16,0,0,8,128,0,0,2,4
spawn,2,2,16,4,8,4,256,16,2,0,8,128,0,0,2,4
merge,0,0,16,4,2,0,256,16,8,2,8,128,2,4,2,4
spawn,0,0,16,4,2,2,256,16,8,2,8,128,2,4,2,4
merge,2,4,16,4,8,4,256,16,2,0,8,128,0,0,2,4
spawn,2,4,16,4,8,4,256,16,2,0,8,128,2,0,2,4
merge,2,8,16,4,8,0,256,16,4,0,8,128,0,0,2,4
spawn,2,8,16,4,8,2,256,16,4,0,8,128,0,0,2,4
merge,0,0,16,4,2,0,256,16,8,8,8,128,4,2,2,4
spawn,2,0,16,4,2,0,256,16,8,8,8,128,4,2,2,4
merge,0,2,16,4,0,2,256,16,0,8,16,128,0,4,4,4
spawn,0,2,16,4,0,2,256,16,2,8,16,128,0,4,4,4
merge,0,2,16,4,0,2,256,16,2,8,16,128,0,0,4,8
spawn,2,2,16,4,0,2,256,16,2,8,16,128,0,0,4,8
merge,4,4,16,4,0,8,256,16,0,0,16,128,0,0,4,8
spawn,4,4,16,4,2,8,256,16,0,0,16,128,0,0,4,8
merge,0,0,16,4,0,0,256,16,4,4,16,128,2,8,4,8
spawn,0,0,16,4,2,0,256,16,4,4,16,128,2,8,4,8
merge,2,4,16,4,4,8,256,16,2,0,16,128,0,0,4,8
spawn,2,4,16,4,4,8,256,16,2,0,16,128,0,2,4,8
merge,0,0,16,4,2,4,256,16,4,8,16,128,2,2,4,8
spawn,0,2,16,4,2,4,256,16,4,8,16,128,2,2,4,8
merge,2,2,16,4,4,4,256,16,2,8,16,128,0,2,4,8
spawn,2,2,16,4,4,4,256,16,2,8,16,128,2,2,4,8
merge,0,4,16,4,0,8,256,16,2,8,16,128,0,4,4,8
spawn,0,4,16,4,0,8,256,16,2,8,16,128,4,4,4,8
merge,0,4,16,4,0,8,256,16,2,8,16,128,0,4,8,8
spawn,2,4,16,4,0,8,256,16,2,8,16,128,0,4,8,8
merge,0,0,16,4,0,4,256,16,0,16,16,128,4,4,8,8
spawn,0,2,16,4,0,4,256,16,0,16,16,128,4,4,8,8
merge,0,2,16,4,0,4,256,16,0,0,32,128,0,0,8,16
spawn,0,2,16,4,0,4,256,16,0,0,32,128,2,0,8,16
merge,2,16,4,0,4,256,16,0,32,128,0,0,2,8,16,0
spawn,2,16,4,0,4,256,16,0,32,128,0,2,2,8,16,0
merge,2,16,4,2,4,256,32,0,32,128,0,0,2,8,0,0
spawn,2,16,4,2,4,256,32,0,32,128,0,0,2,8,0,2
merge,2,16,4,2,4,256,32,0,32,128,0,0,2,8,2,0
spawn,2,16,4,2,4,256,32,0,32,128,0,2,2,8,2,0
merge,2,16,0,0,4,256,4,0,32,128,32,0,2,8,2,4
spawn,2,16,0,0,4,256,4,2,32,128,32,0,2,8,2,4
invalid,2,16,0,0,4,256,4,2,32,128,32,0,2,8,2,4
merge,2,16,4,2,4,256,32,4,32,128,2,0,2,8,0,0
spawn,2,16,4,2,4,256,32,4,32,128,2,2,2,8,0,0
merge,2,16,4,2,4,256,32,4,32,128,4,0,2,8,0,0
spawn,2,16,4,2,4,256,32,4,32,128,4,0,2,8,2,0
invalid,2,16,4,2,4,256,32,4,32,128,4,0,2,8,2,0
merge,2,16,4,0,4,256,32,0,32,128,4,2,2,8,2,4
spawn,2,16,4,2,4,256,32,0,32,128,4,2,2,8,2,4
merge,2,16,4,4,4,256,32,4,32,128,4,0,2,8,2,0
spawn,2,16,4,4,4,256,32,4,32,128,4,2,2,8,2,0
merge,2,16,4,0,4,256,32,0,32,128,4,8,2,8,2,2
spawn,2,16,4,0,4,256,32,2,32,128,4,8,2,8,2,2
merge,2,16,4,0,4,256,32,2,32,128,4,8,2,8,4,0
spawn,2,16,4,2,4,256,32,2,32,128,4,8,2,8,4,0
merge,2,16,0,0,4,256,4,0,32,128,32,4,2,8,8,8
spawn,2,16,0,0,4,256,4,2,32,128,32,4,2,8,8,8
merge,2,16,0,0,4,256,4,2,32,128,32,4,2,16,8,0
spawn,2,16,0,2,4,256,4,2,32,128,32,4,2,16,8,0
merge,2,16,0,0,4,256,4,0,32,128,32,4,2,16,8,4
spawn,2,16,0,0,4,256,4,2,32,128,32,4,2,16,8,4
merge,2,16,0,0,4,256,4,0,32,128,32,2,2,16,8,8
spawn,2,16,0,2,4,256,4,0,32,128,32,2,2,16,8,8
merge,2,16,2,0,4,256,4,0,32,128,32,2,2,16,16,0
spawn,2,16,2,0,4,256,4,2,32,128,32,2,2,16,16,0
merge,2,16,2,0,4,256,4,0,32,128,32,0,2,16,16,4
spawn,2,16,2,0,4,256,4,2,32,128,32,0,2,16,16,4
merge,2,16,2,0,4,256,4,0,32,128,32,2,2,16,16,4
spawn,2,16,2,2,4,256,4,0,32,128,32,2,2,16,16,4
merge,2,16,2,0,4,256,4,0,32,128,32,4,2,16,16,4
spawn,2,16,2,0,4,256,4,2,32,128,32,4,2,16,16,4
merge,2,16,2,0,4,256,4,0,32,128,32,2,2,16,16,8
spawn,2,16,2,2,4,256,4,0,32,128,32,2,2,16,16,8
merge,2,16,2,0,4,256,4,0,32,128,32,4,2,16,16,8
spawn,2,16,2,2,4,256,4,0,32,128,32,4,2,16,16,8
merge,2,16,2,0,4,256,4,2,32,128,32,4,2,16,16,8
spawn,2,16,2,4,4,256,4,2,32,128,32,4,2,16,16,8
merge,2,16,2,4,4,256,4,2,32,128,32,4,2,32,8,0
spawn,2,16,2,4,4,256,4,2,32,128,32,4,2,32,8,2
invalid,2,16,2,4,4,256,4,2,32,128,32,4,2,32,8,2
invalid,2,16,2,4,4,256,4,2,32,128,32,4,2,32,8,2
invalid,2,16,2,4,4,256,4,2,32,128,32,4,2,32,8,2
invalid,2,16,2,4,4,256,4,2,32,128,32,4,2,32,8,2
invalid,2,16,2,4,4,256,4,2,32,128,32,4,2,32,8,2
invalid,2,16,2,4,4,256,4,2,32,128,32,4,2,32,8,2
invalid,2,16,2,4,4,256,4,2,32,128,32,4,2,32,8,2
invalid,2,16,2,4,4,256,4,2,32,128,32,4,2,32,8,2
invalid,2,16,2,4,4,256,4,2,32,128,32,4,2,32,8,2
